user_type,login,password
admin,admin@cs.put.poznan.pl,admin
teacher,ferdynand.dulski@cs.put.poznan.pl,jAWchDfAvZ
teacher,celestyn.tomaszewski@cs.put.poznan.pl,8FLAWsyphu
teacher,sylwester.kaczkowski@cs.put.poznan.pl,9BnvF4b9Ww
teacher,juri.rokicki@cs.put.poznan.pl,bYcAtGkJan
student,pabian.archacki@student.put.poznan.pl,Yd8qCzaCPC
student,leo.zelek@student.put.poznan.pl,2cv557H5Sw
student,kwiatoslaw.greger@student.put.poznan.pl,R4jpGAVBXu
student,hubert.kiedrowski@student.put.poznan.pl,sTs3LbbS42
student,waldemar.piotrowicz@student.put.poznan.pl,DauP3QZFYT
student,olaf.gursky@student.put.poznan.pl,FGgunGZ3J3
student,hilary.franczak@student.put.poznan.pl,szapTQH5Gx
student,melchior.perzan@student.put.poznan.pl,nsXFr383rb
student,swietoslaw.kopa@student.put.poznan.pl,P3SYXZCbhX
student,marcin.gorniak@student.put.poznan.pl,UZrnqdwhMg
student,oskar.kobylinski@student.put.poznan.pl,P2HabzUW9E
student,tymon.bialek@student.put.poznan.pl,MEeZbP9z46
student,gabriel.orlowski@student.put.poznan.pl,4rScgVJ9Cs
student,pankracy.grodzicki@student.put.poznan.pl,T5jReTYKbX
student,serwacy.watroba@student.put.poznan.pl,vR3PZRsB9w
student,zygmunt.bilik@student.put.poznan.pl,LeGPnmcyC3
student,aleksander.nabozny@student.put.poznan.pl,NHEgkcgq3w
student,maryn.wyszynski@student.put.poznan.pl,dPMGquVgdF
student,remigiusz.ciolek@student.put.poznan.pl,rABQkVNbdF
student,cyprian.gracyalny@student.put.poznan.pl,eNqF28DAXH
student,dominik.bernacki@student.put.poznan.pl,N3GNQ8nptC
student,szymon.rogalski@student.put.poznan.pl,3z6AgzzHz5
student,ignacy.smigel@student.put.poznan.pl,sjPkB2c3Ja
student,ireneusz.dziak@student.put.poznan.pl,StujrhtCQu
student,wislaw.gielgud@student.put.poznan.pl,cvNN2JdZZ9
student,korneli.krynicki@student.put.poznan.pl,5kCZRHjxn7
student,swietoslaw.lozowski@student.put.poznan.pl,7ka3UNuaXJ
student,bartlomiej.lach@student.put.poznan.pl,7S8vCjkBxE
student,konstantyn.pitera@student.put.poznan.pl,2FQUN6FpZH
student,franciszek.sochaczewski@student.put.poznan.pl,mYFgpUJ3BG
student,malachiasz.car@student.put.poznan.pl,mWUGeRjVR5
student,eugeniusz.jaracz@student.put.poznan.pl,QYpjzjXg87
student,zbigniew.kula@student.put.poznan.pl,jFH59vWUrH
student,kamil.rajewski@student.put.poznan.pl,swVSz2ywcR
student,zenon.kosmalski@student.put.poznan.pl,q9vz5JtP4q
student,chwalimir.bania@student.put.poznan.pl,k7uZPRLEaJ
student,romuald.mita@student.put.poznan.pl,S3bJ2JtZSz
student,ryszard.nowak@student.put.poznan.pl,PDhMZY5KCG
student,slawomir.garstka@student.put.poznan.pl,DJyWBJVvcQ
student,tomasz.kocik@student.put.poznan.pl,genUEkaL3r
student,gerwazy.cieply@student.put.poznan.pl,HnF3FsRjhb
student,gwalbert.grodzicki@student.put.poznan.pl,PHejAjNrTq
student,denis.slusarczyk@student.put.poznan.pl,d4vwxWjxaP
student,edward.przybylowicz@student.put.poznan.pl,H8CMhYuaVT
student,malachiasz.cesarz@student.put.poznan.pl,cJwd9FRyJ6
student,iwon.capek@student.put.poznan.pl,nxPv58FutF
student,dobrogost.wojtaszek@student.put.poznan.pl,38LBzUTers
student,swietoslaw.pawelski@student.put.poznan.pl,mJfzqPvBtx
student,tobiasz.raczkowski@student.put.poznan.pl,weKfEx5md7
student,gerard.chmiel@student.put.poznan.pl,S8NdpkV7x2
student,bartosz.burak@student.put.poznan.pl,EKHK8dv9Nt
student,oktawiusz.ignasiak@student.put.poznan.pl,UyRYB2buGv
student,arkadiusz.michalak@student.put.poznan.pl,cvsQYF3rTj
student,zdzislaw.luka@student.put.poznan.pl,YAMwxsJqZE
student,jerzy.kurcz@student.put.poznan.pl,68AqT6mHuy
student,julian.karczewski@student.put.poznan.pl,yZmjVjd95Z
student,herbert.marcinkiewicz@student.put.poznan.pl,zZuLxcumdy
student,klemens.krzyzaniak@student.put.poznan.pl,yhDdYdsVmC
student,metody.mioduszewski@student.put.poznan.pl,2nXe5z32ES
student,goscislaw.niziolek@student.put.poznan.pl,u3e5GzBJse
student,sylwester.kaczkowski@student.put.poznan.pl,SnND4aNhUB
student,fryderyk.dusza@student.put.poznan.pl,juT2sVbzJP
student,dobrogost.wojcik@student.put.poznan.pl,gcP5fvCLxx
student,albin.bialy@student.put.poznan.pl,YmL4zgycha
student,jaromir.misiaszek@student.put.poznan.pl,fsaAzu28pC
student,tadeusz.galik@student.put.poznan.pl,BwLeQdkNZj
student,bozidar.jablon@student.put.poznan.pl,g29NBrSyNZ
student,witold.demby@student.put.poznan.pl,YyqhnVb2Ju
student,chrystian.krolikowski@student.put.poznan.pl,ydhfBEVuTN
student,kryspyn.piekarz@student.put.poznan.pl,NsGEL8TvbJ
student,nikodem.czepiec@student.put.poznan.pl,NVwmrKVYwT
student,wojslaw.korczak@student.put.poznan.pl,xbP5tZ3Fhn
student,hugo.tylka@student.put.poznan.pl,Ag8dmNxA5Y
student,lubomil.ciesinski@student.put.poznan.pl,rGE74Xcdr9
student,wislaw.samborski@student.put.poznan.pl,MjTwYS9wTY
student,bozimir.jagodzinski@student.put.poznan.pl,4f4H7fAX2f
student,hilary.lesak@student.put.poznan.pl,SYakTg3M8D
student,adrian.bartel@student.put.poznan.pl,Ue7JYAUSCP
student,prot.ewy@student.put.poznan.pl,nCwbC2XVkP
student,ludomil.kaniuk@student.put.poznan.pl,85QentHFn5
student,dobrogost.syslo@student.put.poznan.pl,WxH5pCd5Qx
student,adrian.dudzinski@student.put.poznan.pl,5UQ9387QFk
student,florentyn.rawski@student.put.poznan.pl,kTb8GYnFFh
student,bozimir.banik@student.put.poznan.pl,qbaBhwNKWj
student,wandelin.jaroszewski@student.put.poznan.pl,jtudffrz9x
student,herbert.pekala@student.put.poznan.pl,Af9HxFzTac
student,gustaw.dobek@student.put.poznan.pl,mSEptA8EEc
student,oskar.jusko@student.put.poznan.pl,HjgQ97uqSE
student,maksymilian.zajac@student.put.poznan.pl,wjkWcjbmnq
student,bronislaw.prus@student.put.poznan.pl,68HBgsnmdh
student,marcel.zaczek@student.put.poznan.pl,2bun7mfJhL
student,antoni.wiech@student.put.poznan.pl,TPYSrYpgSg
student,przemyslaw.wozniak@student.put.poznan.pl,SqWcbUXRTt
student,jakub.wrobel@student.put.poznan.pl,8LGJ6LPuKL
student,krystian.jakusik@student.put.poznan.pl,4jmLRvsB5Q
student,kamil.ambozy@student.put.poznan.pl,dgEfpGyANG
student,eryk.sikorska@student.put.poznan.pl,b9u7vnfdPw
student,alek.wroblewski@student.put.poznan.pl,hDQjvGF8FF
student,damian.baran@student.put.poznan.pl,7DrCaUfWwL
student,emanuel.witkowski@student.put.poznan.pl,As5QCxJUzL
student,kamil.borkowski@student.put.poznan.pl,WTzzhz8sHY
student,anatol.nowak@student.put.poznan.pl,WQ25GydgWe
student,gniewomir.makowski@student.put.poznan.pl,4kBQEUz62Q
student,cyprian.szymanski@student.put.poznan.pl,D9V4Z7PC35
student,joachim.rutkowski@student.put.poznan.pl,7tZYFxeSeL
student,krystian.kucharski@student.put.poznan.pl,QDcQ2y3Quh
student,ryszard.marciniak@student.put.poznan.pl,c5p4AF8MdK
student,bruno.szymanski@student.put.poznan.pl,NxsbFYrZng
student,roman.kolodziej@student.put.poznan.pl,vFaFp9At92
student,leonardo.wojciechowski@student.put.poznan.pl,uGwEu46fzU
student,daniel.zielinski@student.put.poznan.pl,BFjEP5USQY
student,norbert.jaworski@student.put.poznan.pl,RzznS5z2uC
student,kacper.gajewska@student.put.poznan.pl,JyGdeLztgT
student,jan.szymanski@student.put.poznan.pl,hTbNjUQUWD
student,ksawery.szymczak@student.put.poznan.pl,vtjAJZUT8U
student,heronim.wisniewski@student.put.poznan.pl,sdsSsFSUZF
student,ludwik.kalinowski@student.put.poznan.pl,VUkzDLz7f3
student,cezary.szewczyk@student.put.poznan.pl,vRhuxjBpgm
student,kryspin.zakrzewska@student.put.poznan.pl,9DKpXYKZTE
student,piotr.glowacka@student.put.poznan.pl,XabVNvfc3H
student,jaroslaw.gajewska@student.put.poznan.pl,LSB9M9aKME
student,olgierd.dabrowski@student.put.poznan.pl,fX6aMM7u6z
student,joachim.brzezinski@student.put.poznan.pl,CHCLGdBYDJ
student,krzysztof.makowski@student.put.poznan.pl,ME5apJEV3n
student,lukasz.malinowski@student.put.poznan.pl,EWRfJ8uHRd
student,eryk.mazur@student.put.poznan.pl,bWygsz4nYK
student,gracjan.lewandowski@student.put.poznan.pl,7u24gFDy8f
student,alan.zalewski@student.put.poznan.pl,GGne7yVsQw
student,korneliusz.marciniak@student.put.poznan.pl,VbvDN4NVYE
student,igor.sokolowski@student.put.poznan.pl,9bDkFEU5nT
student,kryspin.wojcik@student.put.poznan.pl,2p54P8KXCD
student,rafal.krajewska@student.put.poznan.pl,kaVtvhHDaZ
student,igor.borkowski@student.put.poznan.pl,88BTCSALS9
student,emanuel.piotrowski@student.put.poznan.pl,N5LRrVtcaG
student,bruno.czerwinski@student.put.poznan.pl,rEqR8svyjg
student,roman.maciejewski@student.put.poznan.pl,qvjU9h2wuS
student,andrzej.walczak@student.put.poznan.pl,V8hxghEXgP
student,kacper.sokolowski@student.put.poznan.pl,qYqeDtkpt4
student,marek.piotrowski@student.put.poznan.pl,quYpTu7cyU
student,bartlomiej.krawczyk@student.put.poznan.pl,M758jJqN34
student,dariusz.wasilewska@student.put.poznan.pl,tqeD4UVvNp
student,kajetan.marciniak@student.put.poznan.pl,pttpjzNvzX
student,ryszard.krajewska@student.put.poznan.pl,mTWAXv8TAQ
student,mateusz.mroz@student.put.poznan.pl,wDV7gA6B4L
student,arkadiusz.mazur@student.put.poznan.pl,ywAzrR3Dv9
student,bartlomiej.baranowski@student.put.poznan.pl,rFLUK3gVrv
student,marian.maciejewski@student.put.poznan.pl,XkmZFnWhck
student,jedrzej.szymanski@student.put.poznan.pl,L2ABG7heyb
student,adam.sokolowski@student.put.poznan.pl,DJWKkmA3cX
student,kryspin.sawicki@student.put.poznan.pl,62eBZyLzku
student,jerzy.krupa@student.put.poznan.pl,VjpAAEPdtA
student,mikolaj.zawadzki@student.put.poznan.pl,acrkPy8k7q
student,kamil.baran@student.put.poznan.pl,BvB6dE2CCp
student,przemyslaw.mroz@student.put.poznan.pl,HkvrLhdRYq
student,gustaw.kaczmarczyk@student.put.poznan.pl,83qCPUkukD
student,lucjan.jankowski@student.put.poznan.pl,aNBMEqf46E
student,aleksander.przybylski@student.put.poznan.pl,aG5apYBS3t
student,kazimierz.kaminski@student.put.poznan.pl,Kq6fHW4eUB
student,dariusz.szymanski@student.put.poznan.pl,aEtdpRWaMs
student,marek.czerwinski@student.put.poznan.pl,qXd2YC4F7j
student,gniewomir.adamska@student.put.poznan.pl,WbdbH36pPT
student,amadeusz.zalewski@student.put.poznan.pl,B3xrKx3Mkj
student,franciszek.czerwinski@student.put.poznan.pl,mUpugytFjQ
student,milan.lis@student.put.poznan.pl,ZJRD8gQHGc
student,ryszard.kalinowski@student.put.poznan.pl,XreffNKfrE
student,lukasz.gajewska@student.put.poznan.pl,gTgmx6L2zW
student,norbert.wozniak@student.put.poznan.pl,bNj3DjPp2x
student,ernest.baranowski@student.put.poznan.pl,rMK6XyfjPa
student,artur.tomaszewski@student.put.poznan.pl,p33HqsWeza
student,krzysztof.laskowska@student.put.poznan.pl,gTgKzTd87V
student,kamil.makowski@student.put.poznan.pl,NzDLFeHNBc
student,dorian.pietrzak@student.put.poznan.pl,mBvJqcc3wP
student,olaf.ziolkowska@student.put.poznan.pl,BZdLCJCPGw
student,ariel.sawicki@student.put.poznan.pl,mKZDskdMfG
student,jaroslaw.jankowski@student.put.poznan.pl,wjJ9bCg6UB
student,boleslaw.laskowska@student.put.poznan.pl,vmeU7Zx3MJ
student,kamil.kubiak@student.put.poznan.pl,Pc3AnEQYM3
student,franciszek.gajewska@student.put.poznan.pl,NshPYuRpLb
student,olgierd.kaminski@student.put.poznan.pl,xM5SNhhBkL
student,adrian.kucharski@student.put.poznan.pl,tNWZhR2ssy
student,leszek.jakubowski@student.put.poznan.pl,DMcYdeuhrM
student,miroslaw.jaworski@student.put.poznan.pl,5JwsRm2pP4
student,mateusz.pawlak@student.put.poznan.pl,G7HjjjdxFr
student,jerzy.kaczmarczyk@student.put.poznan.pl,tBR73TEVjK
student,konstanty.kaczmarczyk@student.put.poznan.pl,h9xcT2NcEK
student,kordian.lis@student.put.poznan.pl,hXqPPwVc9p
student,cezary.wojcik@student.put.poznan.pl,4YLf7rVuRW
student,emil.duda@student.put.poznan.pl,wB8VDRKvEU
student,filip.wojciechowski@student.put.poznan.pl,TVwxxvgmSj
student,alfred.sokolowski@student.put.poznan.pl,C8FJMD3ghX
student,ariel.sobczak@student.put.poznan.pl,guRUscVZGa
student,mieszko.sokolowski@student.put.poznan.pl,HWaAVv84UE
student,cezary.adamska@student.put.poznan.pl,zDnwwALrm8
student,rafal.ziolkowska@student.put.poznan.pl,SLVjD3kPUY
student,karol.wlodarczyk@student.put.poznan.pl,tKGFDuu47r
student,milan.gorecki@student.put.poznan.pl,8EkJfG94Y6
